id,dpd_map_no,name,address,developer,units,affordable_units,tpc_musd,program,public_support,status,status_note,flag,confidence,monroe_url,lat,lng,sources,notes
111-w-monroe,1,Harris Bank building,111 W. Monroe St,Prime/Capri Interests,345,104,179,lasalle,TIF + LaSalle Street Reimagined (~$40M TIF),approved,Approved (CDC + City Council); in development,,dpd,,41.880635,-87.631098,https://www.chicago.gov/content/city/en/sites/lasalle-street/proposals.html | https://chicago.cooperatornews.com/article/chicagolands-office--to-residential-boom,
208-s-lasalle,2,Continental & Commercial Natl Bank bldg (floors 13-16),208 S. LaSalle St,UST Prime III Office Owner (Prime Group affiliate),168,51,100,lasalle,TIF + LaSalle Street Reimagined ($26M TIF),approved,Approved (CDC + City Council); in development,,dpd,,41.879132,-87.632361,https://www.chicago.gov/content/city/en/sites/lasalle-street/proposals.html | https://chicago.cooperatornews.com/article/chicagolands-office--to-residential-boom,
30-n-lasalle,3,,30 N. LaSalle St,Golub & Co. with American General Life Insurance,349,105,132,lasalle,TIF + LaSalle Street Reimagined (up to $57M TIF),approved,Approved; in development,,dpd,,41.881116,-87.632418,https://www.chicago.gov/content/city/en/sites/lasalle-street/proposals.html | https://chicago.cooperatornews.com/article/chicagolands-office--to-residential-boom,TPC: DPD map $132M; City proposals page $130M.
79-w-monroe,4,The Bellwether,79 W. Monroe St,R2 Development,117,41,64,lasalle,TIF + LaSalle Street Reimagined ($28M TIF),completed,"Completed; opened Sep 9, 2026 (was under construction mid-2026)",,dpd,,41.880647,-87.630263,https://www.chicago.gov/content/city/en/sites/lasalle-street/proposals.html | https://www.chicago.gov/city/en/depts/mayor/press_room/press_releases/2026/september/bellwhether-ribbon-cutting.html,First LaSalle Street Reimagined project delivered.
135-s-lasalle,5,Field Building,135 S. LaSalle St,"Riverside Investment & Development, AmTrust RE, DL3 Realty",386,116,242,lasalle,TIF + LaSalle Street Reimagined ($98M TIF),approved,"Approved (CDC, Landmarks, City Council); in development",,dpd,,41.879910,-87.632229,https://www.chicago.gov/content/city/en/sites/lasalle-street/proposals.html | https://chicago.cooperatornews.com/article/chicagolands-office--to-residential-boom,TPC: DPD map $242M; City page $241M; Cooperator $241.5M.
105-w-adams,6,Clark Adams Building (Bankers Building),105 W. Adams St,Primera Group Inc. (per City),400,121,184,lasalle,TIF + LaSalle Street Reimagined ($67.5M TIF),approved,"Approved (TIF $67.5M passed Council Dec 4, 2025); ownership lawsuit pending (Crain's Jul 2, 2026); no construction start confirmed",Ownership lawsuit pending,dpd,,41.879355,-87.631002,https://www.chicago.gov/content/city/en/sites/lasalle-street/proposals.html | https://chicago.urbanize.city/project/clark-adams-renewal,"Urbanize (Feb 2026) reports 247 apartments and lists Celadon Partners/Blackwood Group; City and DPD map show 400 units. Crain's (Jul 2, 2026) reports a lawsuit threatening the project."
65-e-wacker,7,Wacker Place (Millinery Mart),65 E. Wacker Pl,Mavrek Development + Cross Street; capital partner ACRES,252,51,100,private,Private (ARO affordable; ~$17M historic tax credits),under_construction,Under construction since Sep 2025 (permit 9/11/2025); pre-leasing; first move-ins Aug 2026,,dpd,,41.886765,-87.625451,https://chicago.suntimes.com/real-estate/2026/06/15/loop-building-residential-wave-office-conversions | https://chicago.cooperatornews.com/article/chicagolands-office--to-residential-boom,TPC: DPD map $100M; Sun-Times $106M.
500-n-michigan,8,,500 N. Michigan Ave,Commonwealth Development Partners (GC Skender),320,64,162,private,Private (ARO affordable),under_construction,"Under construction (work began ~May 2026; groundbreaking Jul 29, 2026); $113M financing",,dpd,,41.890991,-87.624296,https://www.chicago.gov/city/en/depts/mayor/press_room/press_releases/2026/july/residential-conversion-groundbreaking.html | https://www.multihousingnews.com/commonwealth-lands-113m-in-financing-for-chicagos-largest-conversion-project/,
1006-s-michigan,9,Lightner / Graphic Arts Building,1006 S. Michigan Ave,"JK Equities, Oak Capitals, Time Equities",49,,30,private,Private,approved,Approved by City Council Apr 2025; Listed for sale May 2026 as 'fully entitled' - not under construction,Listed for sale; no construction,dpd,,41.869972,-87.624282,https://chicago.urbanize.city/post/residential-conversion-1006-s-michigan-approved-city-council | https://therealdeal.com/chicago/2026/05/14/time-equities-lists-historic-south-loop-lofts-for-conversion/,TPC: DPD map $30M; Urbanize $14.5M.
111-w-illinois,10,111 Point (former Salesforce office),111 W. Illinois St,Path Construction + WindWave Real Estate,153,,64,private,Private,completed,Completed; opened May 2026,,dpd,,41.890761,-87.631390,https://chicago.urbanize.city/post/111-point-celebrates-ribbon-cutting | https://chicago.suntimes.com/real-estate/2026/04/10/former-salesforce-office-residents-river-north-building-apartments,"Permit (Jul 11, 2025): 103 dwelling units + 50 efficiency units."
116-122-w-illinois,11,Boylston Building Lofts,116-122 W. Illinois St,Mo2 Properties with Monroe Residential; GC 3F Construction,36,0,6.5,private,Private (market rate),under_construction,Under construction (permit 7/21/2025),,dpd,https://monroeresidential.com/portfolio/boylston,41.890876,-87.631383,https://chicago.suntimes.com/real-estate/2024/10/24/river-north-more-apartments-two-office-residential-projects | https://3fconstruction.net/project/boylston-building-lofts/,
309-w-washington,12,Telephone Square Building,309 W. Washington St,Creative Designs Chicago,84,,10,private,Private,approved,ZBA approved Aug 2025; permits in process; no construction timeline announced,,dpd,,41.883147,-87.635526,https://chicago.urbanize.city/post/zba-approves-variations-residential-conversion-309-w-washington,
223-w-erie,13,The Smith,223 W. Erie St,Concord Capital; GC 3F Construction,66,,18.4,private,Private,under_construction,Under construction (City Council approved Oct 2025; reno permit 4/3/2026); delivery spring 2027,,dpd,,41.893921,-87.634955,https://chicago.urbanize.city/post/reno-permit-issued-residential-conversion-223-w-erie | https://3fconstruction.net/project/the-smith-at-223-w-erie-street/,
444-n-wabash,14,,444 N. Wabash Ave,KJF Properties,34,,6,private,Private,under_construction,Permitted (reno permit issued; under construction),,dpd,,41.890316,-87.626748,https://chicago.urbanize.city/post/reno-permit-issued-residential-conversion-444-n-wabash,
55-e-washington,15,Pittsfield Building,55 E. Washington St,PO 55 LLC (Tom Liravongsa),214,43,195,private,Private (ARO ~20% affordable),approved,Approved by Plan Commission + City Council Sep 2025; in development,,dpd,,41.883165,-87.625785,https://blockclubchicago.org/2025/09/25/plan-to-convert-pittsfield-building-offices-into-apartments-gets-city-council-ok/ | https://chicago.urbanize.city/post/city-council-approves-pittsfield-building-redevelopment,DPD map counts 214 additional units (added to 228 existing apartments).
1060-w-van-buren,16,Universal Overall Co. loft,1060 W. Van Buren St,F and F Realty Partners / West VB LLC,111,,36,private,Private,approved,Approved by City Council Feb 2026; construction targeted 2H 2026,,dpd,,41.876626,-87.654058,https://chicago.urbanize.city/post/city-council-approves-development-1060-w-van-buren | https://www.linkedin.com/posts/chicagodpd_plan-commission-approved-west-vb-llvs-126-activity-7417655517122326528-EYGr,DPD map counts only the 111-unit loft conversion; a 214-unit new tower on the site is excluded. Whole development TPC reported at $126M.
19-s-lasalle,17,Former Central YMCA,19 S. LaSalle St,Envoi Partners,207,,64,private,Private,permitted,ZBA approved Jul 2026; permits issued; completion 2027,,dpd,,41.881536,-87.632276,https://chicagoyimby.com/2026/07/conversion-fully-approved-for-19-south-lasalle-street-in-the-loop.html | https://chicago.urbanize.city/post/adaptive-reuse-advances-permits-and-variations-19-s-lasalle,DPD map 207 units = 175 apartments + 32 hotel rooms (YIMBY/Urbanize).
401-w-ontario,18,Birken Lofts,401 W. Ontario St,Monroe Residential Partners with Belgravia Group; GC 3F Construction; Westfield Architects,57,,20,private,Private (zero parking),permitted,ZBA approved; reno permit issued ~Sep 2026; construction starting ~fall 2026,,dpd,https://monroeresidential.com/portfolio/birken-lofts,41.893069,-87.638729,https://chicago.urbanize.city/post/reno-permit-issued-residential-conversion-401-w-ontario | https://www.optionpremier.com/blogs/401-w-ontario-river-north-apartments-zero-parking,57 units confirmed by Monroe Residential (the developer); the June 2026 DPD map shows 88.
56-e-superior,19,,56 E. Superior St,Honore Properties + Peerless Development,88,,30,private,Private,permitted,Zoning approved Dec 2025; permit issued; delivery spring 2027,,dpd,,41.895769,-87.626081,https://chicago.urbanize.city/post/permit-issued-office-resi-conversion-56-e-superior | https://chicago.suntimes.com/real-estate/2025/12/11/vacant-river-north-office-building-residential-honore-peerless-development,
212-e-ohio,20,,212 E. Ohio St,Cubed Real Estate (Eric Weber); GC Aspen Developers Group,28,,3.9,private,Private,permitted,City Council approved Jun 2026; reno permit issued Sep 2026,,dpd,,41.892621,-87.622417,https://chicagoyimby.com/2026/06/streeterville-residential-conversion-approved-by-city-council.html | https://chicago.urbanize.city/post/reno-permit-issued-residential-conversion-212-e-ohio,
445-w-erie,21,Loft building,445 W. Erie St,Concord Capital,33,,6,private,Private,planning,"Acquired 2026 (with Pontiac Bldg, $8.5M total); no rezoning needed; construction planned fall 2026",,dpd,,41.893858,-87.640130,https://www.preservationchicago.org/win-adaptive-reuse-planned-for-pontiac-building-at-542-s-dearborn-street-and-loft-building-at-445-w-erie-street/,
542-s-dearborn,22,Pontiac Building,542 S. Dearborn St,Concord Capital (NORR design),74,,11,private,Private,planning,Acquired Apr 2026; planning stage,,dpd,,41.875153,-87.629300,https://www.preservationchicago.org/win-adaptive-reuse-planned-for-pontiac-building-at-542-s-dearborn-street-and-loft-building-at-445-w-erie-street/,
1220-w-van-buren,23,Oxxford Lofts,1220 W. Van Buren St,Base 3 + The Missner Group,112,22,16,private,Private,under_construction,Under construction (permit 4/10/2026); delivery spring/summer 2027,,dpd,,41.876569,-87.657495,https://chicago.urbanize.city/post/construction-begins-oxxford-lofts-1220-w-van-buren | https://multifamilyaffordablehousing.com/missner-group-base-3-begin-construction-on-42m-industrial-to-residential-project-in-chicago/,Affordable units: ~20% (about 22) reported. TPC: DPD map $16M; MFAHB $42M. Former clothing factory (industrial).
230-e-ohio,24,,230 E. Ohio St,Wildwood Investments + Concord Capital (NORR),72,,30,private,Private,under_construction,Under construction (reno permit 9/26/2025); completion ~Dec 2026; $21.1M Associated Bank loan,,dpd,,41.892626,-87.622119,https://newsroom.associatedbank.com/releases/associated-bank-finalizes-21-1m-financing-for-chicago-mixed-use-building-conversion-to-multifamily-units | https://chicago.urbanize.city/post/zba-approves-variance-resi-conversion-230-e-ohio,
209-w-jackson,25,McKinlock Building,209 W. Jackson St,ACRES Capital + Mavrek,180,,90,private,Private,planning,Securing financing; completion targeted early 2029,,dpd,,41.878057,-87.634063,https://chicagoyimby.com/2026/06/details-revealed-for-209-west-jackson-street-in-the-loop.html,Unit count approximate.
70-e-lake,,Former DePaul office tower,70 E. Lake St,Honore Properties,170,,40,private,Private (per reports),planning,Bought Jul 2026 ($9.2M); construction expected 2027,,reported,,41.885785,-87.625858,https://therealdeal.com/chicago/2026/07/16/shenoudas-honore-snags-70-east-lake-for-9m/ | https://www.preservationchicago.org/win-old-depaul-university-loop-office-tower-at-70-e-lake-street-sold-for-residential-adaptive-reuse/,Not on the June 2026 DPD map. Purchased Jul 2026 for $9.2M.
118-s-clinton,,,118 S. Clinton St,,74,,,private,,permitted,Reno permit issued 5/20/2025 to convert office bldg to 74 DUs (Chicago Cityscape permit list),,reported,,41.883724,-87.641327,https://www.chicagocityscape.com/tag/convertcommercialtoresidential,Not on the June 2026 DPD map. Developer and current status not verified.
