map_no,address,name,developer,units_dpd_map,units_other_source,tpc_dpd_map_musd,tpc_other_source_musd,affordable_units,status_mid2026,public_support,source_url_1,source_url_2,notes_flags
1,111 W. Monroe St,Harris Bank building,Prime/Capri Interests,345,,179,179.2,104,Approved (CDC + City Council); in development,TIF + LaSalle Street Reimagined (~$40M TIF per Cooperator),https://www.chicago.gov/content/city/en/sites/lasalle-street/proposals.html,https://chicago.cooperatornews.com/article/chicagolands-office--to-residential-boom,
2,208 S. LaSalle St,Continental & Commercial Natl Bank bldg (floors 13-16),UST Prime III Office Owner (Prime Group affiliate),168,,100,100,51,Approved (CDC + City Council); in development,TIF + LaSalle Street Reimagined ($26M TIF per Cooperator),https://www.chicago.gov/content/city/en/sites/lasalle-street/proposals.html,https://chicago.cooperatornews.com/article/chicagolands-office--to-residential-boom,One lower-quality site (keepchicagolandmoving) says 226 units / Beal Properties; treated as unreliable
3,30 N. LaSalle St,,Golub & Co. with American General Life Insurance,349,,132,130,105,Approved; in development,TIF + LaSalle Street Reimagined (up to $57M TIF),https://www.chicago.gov/content/city/en/sites/lasalle-street/proposals.html,https://chicago.cooperatornews.com/article/chicagolands-office--to-residential-boom,TPC: map $132M vs City proposals page $130M
4,79 W. Monroe St,The Bellwether,R2 Development,117,,64,64.2,41,"COMPLETED / opened Sep 9, 2026 (was under construction mid-2026)",TIF + LaSalle Street Reimagined ($28M TIF),https://www.chicago.gov/content/city/en/sites/lasalle-street/proposals.html,https://www.chicago.gov/city/en/depts/mayor/press_room/press_releases/2026/september/bellwhether-ribbon-cutting.html,First LaSalle project delivered
5,135 S. LaSalle St,Field Building,"Riverside Investment & Development, AmTrust RE, DL3 Realty",386,,242,241.5,116,"Approved (CDC, Landmarks, City Council); in development",TIF + LaSalle Street Reimagined ($98M TIF per Cooperator),https://www.chicago.gov/content/city/en/sites/lasalle-street/proposals.html,https://chicago.cooperatornews.com/article/chicagolands-office--to-residential-boom,TPC: map $242M vs City page $241M / Cooperator $241.5M
6,105 W. Adams St,Clark Adams Building (Bankers Building),Primera Group Inc. (per City),400,247,184,183.5,121,"Approved (TIF $67.5M passed Council Dec 4, 2025); ownership lawsuit pending (Crain's Jul 2, 2026); no construction start confirmed",TIF + LaSalle Street Reimagined ($67.5M TIF),https://www.chicago.gov/content/city/en/sites/lasalle-street/proposals.html,https://chicago.urbanize.city/project/clark-adams-renewal,"FLAG: Urbanize project page (updated Feb 22, 2026) shows 247 apartments and lists Celadon Partners/Blackwood Group, vs 400 on City page and map. Crain's Jul 2, 2026: 'Lawsuit threatening $184M Loop office conversion gains traction' https://www.chicagobusiness.com/real-estate/commercial/ccb-clark-adams-building-lawsuit-20260702/"
7,65 E. Wacker Pl,Wacker Place (Millinery Mart),Mavrek Development + Cross Street; capital partner ACRES,252,,100,106,51,Under construction since Sep 2025 (permit 9/11/2025); pre-leasing; first move-ins Aug 2026,Private (ARO affordable; ~$17M historic tax credits),https://chicago.suntimes.com/real-estate/2026/06/15/loop-building-residential-wave-office-conversions,https://chicago.cooperatornews.com/article/chicagolands-office--to-residential-boom,TPC: map $100M vs Sun-Times $106M
8,500 N. Michigan Ave,,Commonwealth Development Partners (GC Skender),320,,162,162,64,"Under construction (work began ~May 2026; groundbreaking Jul 29, 2026); $113M financing",Private (ARO affordable),https://www.chicago.gov/city/en/depts/mayor/press_room/press_releases/2026/july/residential-conversion-groundbreaking.html,https://www.multihousingnews.com/commonwealth-lands-113m-in-financing-for-chicagos-largest-conversion-project/,Subject of the Jul 29 press release
9,1006 S. Michigan Ave,Lightner / Graphic Arts Building,"JK Equities, Oak Capitals, Time Equities",49,,30,14.5,,Approved by City Council Apr 2025; LISTED FOR SALE May 2026 as 'fully entitled' - not under construction,Private,https://chicago.urbanize.city/post/residential-conversion-1006-s-michigan-approved-city-council,https://therealdeal.com/chicago/2026/05/14/time-equities-lists-historic-south-loop-lofts-for-conversion/,FLAG: TPC map $30M vs Urbanize $14.5M; status questionable (for sale)
10,111 W. Illinois St,111 Point (former Salesforce office),Path Construction + WindWave Real Estate,153,,64,,,COMPLETED / opened May 2026,Private,https://chicago.urbanize.city/post/111-point-celebrates-ribbon-cutting,https://chicago.suntimes.com/real-estate/2026/04/10/former-salesforce-office-residents-river-north-building-apartments,Already delivered when the map was published; permit 7/11/2025 = 103 DUs + 50 efficiency units
11,116-122 W. Illinois St,Boylston Building Lofts,Mo2 Properties with Monroe Residential; GC 3F Construction,36,,6.5,,0,Under construction (permit 7/21/2025),Private (market rate),https://chicago.suntimes.com/real-estate/2024/10/24/river-north-more-apartments-two-office-residential-projects,https://3fconstruction.net/project/boylston-building-lofts/,Monroe Residential project
12,309 W. Washington St,Telephone Square Building,Creative Designs Chicago,84,,10,,,ZBA approved Aug 2025; permits in process; no construction timeline announced,Private,https://chicago.urbanize.city/post/zba-approves-variations-residential-conversion-309-w-washington,,
13,223 W. Erie St,The Smith,Concord Capital; GC 3F Construction,66,,18.4,18.4,,Under construction (City Council approved Oct 2025; reno permit 4/3/2026); delivery spring 2027,Private,https://chicago.urbanize.city/post/reno-permit-issued-residential-conversion-223-w-erie,https://3fconstruction.net/project/the-smith-at-223-w-erie-street/,
14,444 N. Wabash Ave,,KJF Properties,34,,6,,,Permitted (reno permit issued; under construction),Private,https://chicago.urbanize.city/post/reno-permit-issued-residential-conversion-444-n-wabash,,
15,55 E. Washington St,Pittsfield Building,PO 55 LLC (Tom Liravongsa),214,,195,,43,Approved by Plan Commission + City Council Sep 2025; in development,Private (ARO ~20% affordable),https://blockclubchicago.org/2025/09/25/plan-to-convert-pittsfield-building-offices-into-apartments-gets-city-council-ok/,https://chicago.urbanize.city/post/city-council-approves-pittsfield-building-redevelopment,"Map says '214 additional units' (adds to 228 existing apts). A search summary cited ~$160M TPC - unverified, map says $195M"
16,1060 W. Van Buren St,Universal Overall Co. loft,F and F Realty Partners / West VB LLC,111,,36,126 (whole site incl. new tower),,Approved by City Council Feb 2026; construction targeted 2H 2026,Private,https://chicago.urbanize.city/post/city-council-approves-development-1060-w-van-buren,https://www.linkedin.com/posts/chicagodpd_plan-commission-approved-west-vb-llvs-126-activity-7417655517122326528-EYGr,Map counts only the 111-unit loft conversion; a 214-unit new tower on site is excluded. $126M is the whole development
17,19 S. LaSalle St,Former Central YMCA,Envoi Partners,207,175,64,,,ZBA approved Jul 2026; permits issued; completion 2027,Private,https://chicagoyimby.com/2026/07/conversion-fully-approved-for-19-south-lasalle-street-in-the-loop.html,https://chicago.urbanize.city/post/adaptive-reuse-advances-permits-and-variations-19-s-lasalle,FLAG: map 207 = 175 apartments + 32 hotel rooms per YIMBY/Urbanize
18,401 W. Ontario St,Birken Lofts,Monroe Residential Partners with Belgravia Group; GC 3F Construction; Westfield Architects,88,57,20,,,ZBA approved; reno permit issued ~Sep 2026; construction starting ~fall 2026,Private (zero parking),https://chicago.urbanize.city/post/reno-permit-issued-residential-conversion-401-w-ontario,https://www.optionpremier.com/blogs/401-w-ontario-river-north-apartments-zero-parking,FLAG: map 88 units vs 57 units per Urbanize/Option Premier/birkenlofts.com (Drew's own project - confirm)
19,56 E. Superior St,,Honore Properties + Peerless Development,88,,30,,,Zoning approved Dec 2025; permit issued; delivery spring 2027,Private,https://chicago.urbanize.city/post/permit-issued-office-resi-conversion-56-e-superior,https://chicago.suntimes.com/real-estate/2025/12/11/vacant-river-north-office-building-residential-honore-peerless-development,
20,212 E. Ohio St,,Cubed Real Estate (Eric Weber); GC Aspen Developers Group,28,,3.9,,,City Council approved Jun 2026; reno permit issued Sep 2026,Private,https://chicagoyimby.com/2026/06/streeterville-residential-conversion-approved-by-city-council.html,https://chicago.urbanize.city/post/reno-permit-issued-residential-conversion-212-e-ohio,
21,445 W. Erie St,Loft building,Concord Capital,33,,6,,,"Acquired 2026 (with Pontiac Bldg, $8.5M total); no rezoning needed; construction planned fall 2026",Private,https://www.preservationchicago.org/win-adaptive-reuse-planned-for-pontiac-building-at-542-s-dearborn-street-and-loft-building-at-445-w-erie-street/,,Planning stage
22,542 S. Dearborn St,Pontiac Building,Concord Capital (NORR design),74,,11,,,Acquired Apr 2026; planning stage,Private,https://www.preservationchicago.org/win-adaptive-reuse-planned-for-pontiac-building-at-542-s-dearborn-street-and-loft-building-at-445-w-erie-street/,,Planning stage
23,1220 W. Van Buren St,Oxxford Lofts,Base 3 + The Missner Group,112,,16,42,~22 (20%),Under construction (permit 4/10/2026); delivery spring/summer 2027,Private,https://chicago.urbanize.city/post/construction-begins-oxxford-lofts-1220-w-van-buren,https://multifamilyaffordablehousing.com/missner-group-base-3-begin-construction-on-42m-industrial-to-residential-project-in-chicago/,"FLAG: TPC map $16M vs $42M per MFAHB; former clothing factory (industrial), not strictly office"
24,230 E. Ohio St,,Wildwood Investments + Concord Capital (NORR),72,,30,,,Under construction (reno permit 9/26/2025); completion ~Dec 2026; $21.1M Associated Bank loan,Private,https://newsroom.associatedbank.com/releases/associated-bank-finalizes-21-1m-financing-for-chicago-mixed-use-building-conversion-to-multifamily-units,https://chicago.urbanize.city/post/zba-approves-variance-resi-conversion-230-e-ohio,
25,209 W. Jackson St,McKinlock Building,ACRES Capital + Mavrek,180,,90,90,,Securing financing; completion targeted early 2029,Private,https://chicagoyimby.com/2026/06/details-revealed-for-209-west-jackson-street-in-the-loop.html,,YIMBY: 'one of 25... per DPD'; units approximate
cand,70 E. Lake St,Former DePaul office tower,Honore Properties,,170,,40,,Bought Jul 2026 ($9.2M); construction expected 2027,Private (per reports),https://therealdeal.com/chicago/2026/07/16/shenoudas-honore-snags-70-east-lake-for-9m/,https://www.preservationchicago.org/win-old-depaul-university-loop-office-tower-at-70-e-lake-street-sold-for-residential-adaptive-reuse/,NOT ON DPD MAP - unconfirmed candidate for the 26th project in Jul 29 claim (timing fits)
cand,118 S. Clinton St,,,,74,,,,Reno permit issued 5/20/2025 to convert office bldg to 74 DUs (Chicago Cityscape permit list),,https://www.chicagocityscape.com/tag/convertcommercialtoresidential,,NOT ON DPD MAP - unconfirmed; status/developer not verified
